confusion_matrix,"[[  1  10  13 493   0]
 [  4  65  48 739   0]
 [  0  13  35 430   0]
 [  0  15  43 610   0]
 [  1  10  31 389   0]]"
accuracy,0.24101694915254238
recall,[0.00193424 0.07593458 0.07322176 0.91317365 0.        ]
precision,[0.16666667 0.57522124 0.20588235 0.22923713 0.        ]
f1,[0.00382409 0.13415893 0.10802469 0.36647642 0.        ]
